{
    "oid": "7f5287d9-0f56-4429-ac53-004d7f1bcbf6",
    "product": "36a768a3-7c85-4584-ab79-545f71cbfa48",
    "customerType": "124c239c-342f-489c-a8d0-605a4d817863",
    "profitMargin": 0.0000000000,
    "profitMarginAmount": 125.0000,
    "priceBeforeTax": 125.0000,
    "priceAfterTax": 125.0000,
    "discountRate": 0.0000000000,
    "discountedAmount": 0.0000,
    "priceBeforeTaxAfterDiscount": 0.0000,
    "priceAfterTaxAfterDiscount": 0.0000,
    "refundRate": 0.0000000000,
    "parameters": "f4fa13d0-f3a8-4ee2-8c55-f779b65a5689",
    "optimisticLockField": 1,
    "gcrecord": null,
    "customerTypeNavigation": {
        "oid": "124c239c-342f-489c-a8d0-605a4d817863",
        "designation": "Gros",
        "defaultProfitMargin": 0.0000000000,
        "defaultDiscountRate": 3.0000000000,
        "parameters": "f4fa13d0-f3a8-4ee2-8c55-f779b65a5689",
        "optimisticLockField": 1,
        "gcrecord": null,
        "productCustomerTypes": [
            {
                "oid": "d90be486-e6a5-4551-b5d7-0304e1b05d46",
                "product": "3cea2b17-02f1-42c0-8ff8-2c24e61a9cd4",
                "customerType": "124c239c-342f-489c-a8d0-605a4d817863",
                "profitMargin": 37.6300000000,
                "profitMarginAmount": 19.1400,
                "priceBeforeTax": 70.0000,
                "priceAfterTax": 70.0000,
                "discountRate": 0.0000000000,
                "discountedAmount": 0.0000,
                "priceBeforeTaxAfterDiscount": 0.0000,
                "priceAfterTaxAfterDiscount": 0.0000,
                "refundRate": 0.0000000000,
                "parameters": "f4fa13d0-f3a8-4ee2-8c55-f779b65a5689",
                "optimisticLockField": 5,
                "gcrecord": null,
                "productNavigation": {
                    "oid": "3cea2b17-02f1-42c0-8ff8-2c24e61a9cd4",
                    "exchangeRate": 0.0,
                    "id": "KA/N24",
                    "useSnid": false,
                    "name": "Kit  Noir 50ML",
                    "productType": 1,
                    "picture": null,
                    "purchasePrice": 70.0000,
                    "description": null,
                    "descriptionPurchase": null,
                    "descriptionSales": null,
                    "note": null,
                    "computingMode": 1,
                    "tax": null,
                    "salePriceBeforeTax": 73.0000,
                    "salePriceTaxIncluded": 73.0000,
                    "profitMarginAmount": 9.5500,
                    "salesPricesFromPurchasePrice": false,
                    "salesPricesFromCostPrice": false,
                    "profitMarginRate": 15.0500000000,
                    "ean13code": null,
                    "subjectToContract": false,
                    "salesAccount": null,
                    "purchaseAccount": null,
                    "stockAccount": null,
                    "stockConsumptionAccount": null,
                    "reservedQuantity": 0.0,
                    "orderedQuantity": 0.0,
                    "preparedQuantity": 0.0,
                    "theoreticalStock": 2896.0,
                    "marketingBudgetRate": 0.0000000000,
                    "productPos": false,
                    "immoManagement": false,
                    "linearAmortizationRate": 0.0,
                    "acquisitionDate": null,
                    "startingPointOfAmortization": null,
                    "amortizationType": 0,
                    "fiscalCoefficient": 0.0,
                    "numberYearsUse": 0,
                    "netValueAccounting": 70.0000,
                    "quantity": 0.0,
                    "quantiteAssise": 0.0,
                    "quantiteCarcasse": 0.0,
                    "quantiteTissusJettes": 0.0,
                    "prixP1": 0.0000,
                    "prixP2": 0.0000,
                    "prixP3": 0.0000,
                    "prixP4": 0.0000,
                    "globalRefundRate": 0.0000000000,
                    "parameters": "f4fa13d0-f3a8-4ee2-8c55-f779b65a5689",
                    "codeCounter": 0,
                    "category": "f628de4c-eae0-443a-b43b-22527cbd09fc",
                    "defaultWarehouse": null,
                    "weightedAverageCost": 63.4500,
                    "initialStock": 0.0000000000,
                    "totalInput": 5748.0000000000,
                    "totalOutput": 2852.0000000000,
                    "stock": 2896.0000000000,
                    "warehouseGlobalStock": 2896.0000000000,
                    "alertStock": 0.0000000000,
                    "productNature": null,
                    "revenueClassification": null,
                    "defaultNomenclature": null,
                    "unitOfMeasure": null,
                    "unitWeight": 0.0000000000,
                    "defaultPackagingInput": "527c60dd-1cae-4257-9cbb-9b1fcd919cee",
                    "defaultPackagingOutput": "28dff07a-4765-40c4-a29f-4b873dee56b0",
                    "currency": null,
                    "exchangeRate1": 0.0000000000,
                    "tariffPosition": null,
                    "customsDutyUnitaryCharge": 0.0000,
                    "importationUnitaryCharge": 0.0000,
                    "costPrice": 0.0000,
                    "purchasePriceInCurrency": 0.0000,
                    "availableInDistributionMobileApp": false,
                    "availableInSalesPointsApp": false,
                    "optimisticLockField": 583,
                    "gcrecord": null,
                    "supplierCode": null,
                    "bloqué": false,
                    "assetAccount": null,
                    "vatNonRecoverable": null,
                    "soumisAristourne": null,
                    "assetType": null,
                    "quantitéComptable": null,
                    "isPdr": null,
                    "categoryNavigation": null,
                    "productCustomerTypes": []
                }
            },